action_key,score,score_label,name,role,state_id,state_label,active_root_name,active_root_kind,parent_tail,parent_path,why,source
86bc00626f77123d,2,opens extra menu/dialog/popup,Accessibility Check...,menu item,e85ad249bd7d,Tools,Tools,menu,viewport / menu bar / menu/Tools,application/soffice / frame/Untitled 1 - LibreOffice Writer / panel / panel / scroll pane / viewport / menu bar / menu/Tools,menu launcher / dialog-like menu item,heuristic-v2
ad14f8eedf09197c,2,opens extra menu/dialog/popup,Activation Order...,menu item,42bee5c4fbc5,Form,Form,menu,viewport / menu bar / menu/Form,application/soffice / frame/Untitled 1 - LibreOffice Writer / panel / panel / scroll pane / viewport / menu bar / menu/Form,menu launcher / dialog-like menu item,heuristic-v2
743d71c70521434a,2,opens extra menu/dialog/popup,AutoCorrect Options...,menu item,ffa20bd7476a,AutoCorrect,AutoCorrect,menu,menu bar / menu/Tools / menu/AutoCorrect,application/soffice / frame/Untitled 1 - LibreOffice Writer / panel / panel / scroll pane / viewport / menu bar / menu/Tools / menu/AutoCorrect,menu launcher / dialog-like menu item,heuristic-v2
c24d1cec49fcc787,2,opens extra menu/dialog/popup,AutoFormat Styles...,menu item,53bf0935406d,Table,Table,menu,viewport / menu bar / menu/Table,application/soffice / frame/Untitled 1 - LibreOffice Writer / panel / panel / scroll pane / viewport / menu bar / menu/Table,menu launcher / dialog-like menu item,heuristic-v2
22ad9ba5fb499985,2,opens extra menu/dialog/popup,AutoText...,menu item,e85ad249bd7d,Tools,Tools,menu,viewport / menu bar / menu/Tools,application/soffice / frame/Untitled 1 - LibreOffice Writer / panel / panel / scroll pane / viewport / menu bar / menu/Tools,menu launcher / dialog-like menu item,heuristic-v2
de78ba47380aa3b6,2,opens extra menu/dialog/popup,Bullets and Numbering...,menu item,32f76b8b1d9d,Format,Format,menu,viewport / menu bar / menu/Format,application/soffice / frame/Untitled 1 - LibreOffice Writer / panel / panel / scroll pane / viewport / menu bar / menu/Format,menu launcher / dialog-like menu item,heuristic-v2
435951b3dd094d8b,2,opens extra menu/dialog/popup,Caption...,menu item,f7a7a6e1ff4f,Insert,Insert,menu,viewport / menu bar / menu/Insert,application/soffice / frame/Untitled 1 - LibreOffice Writer / panel / panel / scroll pane / viewport / menu bar / menu/Insert,menu launcher / dialog-like menu item,heuristic-v2
d8f7ab440fa4085e,2,opens extra menu/dialog/popup,Chapter Numbering...,menu item,e85ad249bd7d,Tools,Tools,menu,viewport / menu bar / menu/Tools,application/soffice / frame/Untitled 1 - LibreOffice Writer / panel / panel / scroll pane / viewport / menu bar / menu/Tools,menu launcher / dialog-like menu item,heuristic-v2
18a544448b8bc032,2,opens extra menu/dialog/popup,Character...,menu item,32f76b8b1d9d,Format,Format,menu,viewport / menu bar / menu/Format,application/soffice / frame/Untitled 1 - LibreOffice Writer / panel / panel / scroll pane / viewport / menu bar / menu/Format,menu launcher / dialog-like menu item,heuristic-v2
15af7cb2e9312fd7,2,opens extra menu/dialog/popup,Chart...,menu item,f7a7a6e1ff4f,Insert,Insert,menu,viewport / menu bar / menu/Insert,application/soffice / frame/Untitled 1 - LibreOffice Writer / panel / panel / scroll pane / viewport / menu bar / menu/Insert,menu launcher / dialog-like menu item,heuristic-v2
b3d63f66e997029f,2,opens extra menu/dialog/popup,Column Width...,menu item,c4ae3dc0f4b7,Size,Size,menu,menu bar / menu/Table / menu/Size,application/soffice / frame/Untitled 1 - LibreOffice Writer / panel / panel / scroll pane / viewport / menu bar / menu/Table / menu/Size,menu launcher / dialog-like menu item,heuristic-v2
d16ee8091bc49423,2,opens extra menu/dialog/popup,Columns...,menu item,22dc431f9220,Insert,Insert,menu,menu bar / menu/Table / menu/Insert,application/soffice / frame/Untitled 1 - LibreOffice Writer / panel / panel / scroll pane / viewport / menu bar / menu/Table / menu/Insert,menu launcher / dialog-like menu item,heuristic-v2
8565d4f67c46c830,2,opens extra menu/dialog/popup,Columns...,menu item,32f76b8b1d9d,Format,Format,menu,viewport / menu bar / menu/Format,application/soffice / frame/Untitled 1 - LibreOffice Writer / panel / panel / scroll pane / viewport / menu bar / menu/Format,menu launcher / dialog-like menu item,heuristic-v2
00b2220d0780dfac,2,opens extra menu/dialog/popup,Comment,menu item,f7a7a6e1ff4f,Insert,Insert,menu,viewport / menu bar / menu/Insert,application/soffice / frame/Untitled 1 - LibreOffice Writer / panel / panel / scroll pane / viewport / menu bar / menu/Insert,menu launcher / dialog-like menu item,heuristic-v2
5919d1aa647ca982,2,opens extra menu/dialog/popup,Comments...,menu item,32f76b8b1d9d,Format,Format,menu,viewport / menu bar / menu/Format,application/soffice / frame/Untitled 1 - LibreOffice Writer / panel / panel / scroll pane / viewport / menu bar / menu/Format,menu launcher / dialog-like menu item,heuristic-v2
d03b14a158c0af15,2,opens extra menu/dialog/popup,Compare Document...,menu item,ef5739bde76f,Track Changes,Track Changes,menu,menu bar / menu/Edit / menu/Track Changes,application/soffice / frame/Untitled 1 - LibreOffice Writer / panel / panel / scroll pane / viewport / menu bar / menu/Edit / menu/Track Changes,menu launcher / dialog-like menu item,heuristic-v2
62398743ee63f1f0,2,opens extra menu/dialog/popup,Control Properties...,menu item,42bee5c4fbc5,Form,Form,menu,viewport / menu bar / menu/Form,application/soffice / frame/Untitled 1 - LibreOffice Writer / panel / panel / scroll pane / viewport / menu bar / menu/Form,menu launcher / dialog-like menu item,heuristic-v2
3a5e922c1319f65a,2,opens extra menu/dialog/popup,Cross-reference...,menu item,f7a7a6e1ff4f,Insert,Insert,menu,viewport / menu bar / menu/Insert,application/soffice / frame/Untitled 1 - LibreOffice Writer / panel / panel / scroll pane / viewport / menu bar / menu/Insert,menu launcher / dialog-like menu item,heuristic-v2
2de7e5ccf5e3007e,2,opens extra menu/dialog/popup,Description...,menu item,32f76b8b1d9d,Format,Format,menu,viewport / menu bar / menu/Format,application/soffice / frame/Untitled 1 - LibreOffice Writer / panel / panel / scroll pane / viewport / menu bar / menu/Format,menu launcher / dialog-like menu item,heuristic-v2
796307a779ce71b3,2,opens extra menu/dialog/popup,Drawing,menu item,19a31745f3fe,New,New,menu,menu bar / menu/File / menu/New,application/soffice / frame/Untitled 1 - LibreOffice Writer / panel / panel / scroll pane / viewport / menu bar / menu/File / menu/New,menu launcher / dialog-like menu item,heuristic-v2
e2fe17c6fd096554,2,opens extra menu/dialog/popup,Edit Style...,menu item,979ebb535cc1,Styles,Styles,menu,viewport / menu bar / menu/Styles,application/soffice / frame/Untitled 1 - LibreOffice Writer / panel / panel / scroll pane / viewport / menu bar / menu/Styles,menu launcher / dialog-like menu item,heuristic-v2
1bb042e63a8db3f6,2,opens extra menu/dialog/popup,Edit Template...,menu item,1c6d5d3a1094,Templates,Templates,menu,menu bar / menu/File / menu/Templates,application/soffice / frame/Untitled 1 - LibreOffice Writer / panel / panel / scroll pane / viewport / menu bar / menu/File / menu/Templates,menu launcher / dialog-like menu item,heuristic-v2
a51af51ea15949fb,2,opens extra menu/dialog/popup,Envelope...,menu item,f7a7a6e1ff4f,Insert,Insert,menu,viewport / menu bar / menu/Insert,application/soffice / frame/Untitled 1 - LibreOffice Writer / panel / panel / scroll pane / viewport / menu bar / menu/Insert,menu launcher / dialog-like menu item,heuristic-v2
104db1b5dbd107f3,2,opens extra menu/dialog/popup,Exchange Database...,menu item,2e0335a47afa,Edit,Edit,menu,viewport / menu bar / menu/Edit,application/soffice / frame/Untitled 1 - LibreOffice Writer / panel / panel / scroll pane / viewport / menu bar / menu/Edit,menu launcher / dialog-like menu item,heuristic-v2
4963cf876ddf3c7a,2,opens extra menu/dialog/popup,Export as EPUB...,menu item,abd09c05bb29,Export As,Export As,menu,menu bar / menu/File / menu/Export As,application/soffice / frame/Untitled 1 - LibreOffice Writer / panel / panel / scroll pane / viewport / menu bar / menu/File / menu/Export As,menu launcher / dialog-like menu item,heuristic-v2
014a0890ce79585f,2,opens extra menu/dialog/popup,Export as PDF...,menu item,abd09c05bb29,Export As,Export As,menu,menu bar / menu/File / menu/Export As,application/soffice / frame/Untitled 1 - LibreOffice Writer / panel / panel / scroll pane / viewport / menu bar / menu/File / menu/Export As,menu launcher / dialog-like menu item,heuristic-v2
ff1871335647938b,2,opens extra menu/dialog/popup,Export Directly as EPUB,menu item,abd09c05bb29,Export As,Export As,menu,menu bar / menu/File / menu/Export As,application/soffice / frame/Untitled 1 - LibreOffice Writer / panel / panel / scroll pane / viewport / menu bar / menu/File / menu/Export As,menu launcher / dialog-like menu item,heuristic-v2
0fb2b9b017f4fb63,2,opens extra menu/dialog/popup,Export Directly as PDF,menu item,abd09c05bb29,Export As,Export As,menu,menu bar / menu/File / menu/Export As,application/soffice / frame/Untitled 1 - LibreOffice Writer / panel / panel / scroll pane / viewport / menu bar / menu/File / menu/Export As,menu launcher / dialog-like menu item,heuristic-v2
d6e3e376484505fe,2,opens extra menu/dialog/popup,Extension Manager...,menu item,e85ad249bd7d,Tools,Tools,menu,viewport / menu bar / menu/Tools,application/soffice / frame/Untitled 1 - LibreOffice Writer / panel / panel / scroll pane / viewport / menu bar / menu/Tools,menu launcher / dialog-like menu item,heuristic-v2
8f305e06bc5c0f52,2,opens extra menu/dialog/popup,Fields...,menu item,2e0335a47afa,Edit,Edit,menu,viewport / menu bar / menu/Edit,application/soffice / frame/Untitled 1 - LibreOffice Writer / panel / panel / scroll pane / viewport / menu bar / menu/Edit,menu launcher / dialog-like menu item,heuristic-v2
8496eeed37b8d010,2,opens extra menu/dialog/popup,Find...,menu item,2e0335a47afa,Edit,Edit,menu,viewport / menu bar / menu/Edit,application/soffice / frame/Untitled 1 - LibreOffice Writer / panel / panel / scroll pane / viewport / menu bar / menu/Edit,menu launcher / dialog-like menu item,heuristic-v2
58f1a5f2fb88adc0,2,opens extra menu/dialog/popup,Fontwork...,menu item,f7a7a6e1ff4f,Insert,Insert,menu,viewport / menu bar / menu/Insert,application/soffice / frame/Untitled 1 - LibreOffice Writer / panel / panel / scroll pane / viewport / menu bar / menu/Insert,menu launcher / dialog-like menu item,heuristic-v2
3b7a1f98ab2642a5,2,opens extra menu/dialog/popup,Footnotes and Endnotes...,menu item,e85ad249bd7d,Tools,Tools,menu,viewport / menu bar / menu/Tools,application/soffice / frame/Untitled 1 - LibreOffice Writer / panel / panel / scroll pane / viewport / menu bar / menu/Tools,menu launcher / dialog-like menu item,heuristic-v2
250bfa99178ddfdd,2,opens extra menu/dialog/popup,Form Properties...,menu item,42bee5c4fbc5,Form,Form,menu,viewport / menu bar / menu/Form,application/soffice / frame/Untitled 1 - LibreOffice Writer / panel / panel / scroll pane / viewport / menu bar / menu/Form,menu launcher / dialog-like menu item,heuristic-v2
c46a40ef9d0fd9ab,2,opens extra menu/dialog/popup,Formula,menu item,19a31745f3fe,New,New,menu,menu bar / menu/File / menu/New,application/soffice / frame/Untitled 1 - LibreOffice Writer / panel / panel / scroll pane / viewport / menu bar / menu/File / menu/New,menu launcher / dialog-like menu item,heuristic-v2
440c2fe4e688fa15,2,opens extra menu/dialog/popup,HTML Document,menu item,19a31745f3fe,New,New,menu,menu bar / menu/File / menu/New,application/soffice / frame/Untitled 1 - LibreOffice Writer / panel / panel / scroll pane / viewport / menu bar / menu/File / menu/New,menu launcher / dialog-like menu item,heuristic-v2
12aae14850f8e21d,2,opens extra menu/dialog/popup,Hyperlink,menu item,2e0335a47afa,Edit,Edit,menu,viewport / menu bar / menu/Edit,application/soffice / frame/Untitled 1 - LibreOffice Writer / panel / panel / scroll pane / viewport / menu bar / menu/Edit,menu launcher / dialog-like menu item,heuristic-v2
23e7d50bd05e1f45,2,opens extra menu/dialog/popup,Hyphenation...,menu item,d32e00db2ce8,Language,Language,menu,menu bar / menu/Tools / menu/Language,application/soffice / frame/Untitled 1 - LibreOffice Writer / panel / panel / scroll pane / viewport / menu bar / menu/Tools / menu/Language,menu launcher / dialog-like menu item,heuristic-v2
0830a4d086af68ee,2,opens extra menu/dialog/popup,Image...,menu item,f7a7a6e1ff4f,Insert,Insert,menu,viewport / menu bar / menu/Insert,application/soffice / frame/Untitled 1 - LibreOffice Writer / panel / panel / scroll pane / viewport / menu bar / menu/Insert,menu launcher / dialog-like menu item,heuristic-v2
0a6aa1bca74b6e17,2,opens extra menu/dialog/popup,Insert Table...,menu item,53bf0935406d,Table,Table,menu,viewport / menu bar / menu/Table,application/soffice / frame/Untitled 1 - LibreOffice Writer / panel / panel / scroll pane / viewport / menu bar / menu/Table,menu launcher / dialog-like menu item,heuristic-v2
dc5d3dc83f1315d6,2,opens extra menu/dialog/popup,Labels,menu item,19a31745f3fe,New,New,menu,menu bar / menu/File / menu/New,application/soffice / frame/Untitled 1 - LibreOffice Writer / panel / panel / scroll pane / viewport / menu bar / menu/File / menu/New,menu launcher / dialog-like menu item,heuristic-v2
152a35cb8355a541,2,opens extra menu/dialog/popup,Line Numbering...,menu item,e85ad249bd7d,Tools,Tools,menu,viewport / menu bar / menu/Tools,application/soffice / frame/Untitled 1 - LibreOffice Writer / panel / panel / scroll pane / viewport / menu bar / menu/Tools,menu launcher / dialog-like menu item,heuristic-v2
47a224e01ff72b46,2,opens extra menu/dialog/popup,Links to External Files...,menu item,2e0335a47afa,Edit,Edit,menu,viewport / menu bar / menu/Edit,application/soffice / frame/Untitled 1 - LibreOffice Writer / panel / panel / scroll pane / viewport / menu bar / menu/Edit,menu launcher / dialog-like menu item,heuristic-v2
bbdbdacfca10a357,2,opens extra menu/dialog/popup,Mail Merge Wizard...,menu item,e85ad249bd7d,Tools,Tools,menu,viewport / menu bar / menu/Tools,application/soffice / frame/Untitled 1 - LibreOffice Writer / panel / panel / scroll pane / viewport / menu bar / menu/Tools,menu launcher / dialog-like menu item,heuristic-v2
887e5ed21f2c7201,2,opens extra menu/dialog/popup,Manual Break...,menu item,cd1d4499cd59,More Breaks,More Breaks,menu,menu bar / menu/Insert / menu/More Breaks,application/soffice / frame/Untitled 1 - LibreOffice Writer / panel / panel / scroll pane / viewport / menu bar / menu/Insert / menu/More Breaks,menu launcher / dialog-like menu item,heuristic-v2
5905ca57faf67eb6,2,opens extra menu/dialog/popup,Master Document,menu item,19a31745f3fe,New,New,menu,menu bar / menu/File / menu/New,application/soffice / frame/Untitled 1 - LibreOffice Writer / panel / panel / scroll pane / viewport / menu bar / menu/File / menu/New,menu launcher / dialog-like menu item,heuristic-v2
6947f3521d6a3936,2,opens extra menu/dialog/popup,Merge Document...,menu item,ef5739bde76f,Track Changes,Track Changes,menu,menu bar / menu/Edit / menu/Track Changes,application/soffice / frame/Untitled 1 - LibreOffice Writer / panel / panel / scroll pane / viewport / menu bar / menu/Edit / menu/Track Changes,menu launcher / dialog-like menu item,heuristic-v2
14e455b080cb71ae,2,opens extra menu/dialog/popup,More Dictionaries Online...,menu item,d32e00db2ce8,Language,Language,menu,menu bar / menu/Tools / menu/Language,application/soffice / frame/Untitled 1 - LibreOffice Writer / panel / panel / scroll pane / viewport / menu bar / menu/Tools / menu/Language,menu launcher / dialog-like menu item,heuristic-v2
ab274e8486f9049f,2,opens extra menu/dialog/popup,More...,menu item,014013af658a,For All Text,For All Text,menu,menu/Tools / menu/Language / menu/For All Text,application/soffice / frame/Untitled 1 - LibreOffice Writer / panel / panel / scroll pane / viewport / menu bar / menu/Tools / menu/Language / menu/For All Text,menu launcher / dialog-like menu item,heuristic-v2
2b6c2178fc74be77,2,opens extra menu/dialog/popup,More...,menu item,4f020fe86495,For Paragraph,For Paragraph,menu,menu/Tools / menu/Language / menu/For Paragraph,application/soffice / frame/Untitled 1 - LibreOffice Writer / panel / panel / scroll pane / viewport / menu bar / menu/Tools / menu/Language / menu/For Paragraph,menu launcher / dialog-like menu item,heuristic-v2
32e84b7c6ba2d247,2,opens extra menu/dialog/popup,More...,menu item,aeca9cf0c90b,For Selection,For Selection,menu,menu/Tools / menu/Language / menu/For Selection,application/soffice / frame/Untitled 1 - LibreOffice Writer / panel / panel / scroll pane / viewport / menu bar / menu/Tools / menu/Language / menu/For Selection,menu launcher / dialog-like menu item,heuristic-v2
c6046f4057181936,2,opens extra menu/dialog/popup,Name...,menu item,32f76b8b1d9d,Format,Format,menu,viewport / menu bar / menu/Format,application/soffice / frame/Untitled 1 - LibreOffice Writer / panel / panel / scroll pane / viewport / menu bar / menu/Format,menu launcher / dialog-like menu item,heuristic-v2
3ee6c804531e54c7,2,opens extra menu/dialog/popup,Number Format...,menu item,53bf0935406d,Table,Table,menu,viewport / menu bar / menu/Table,application/soffice / frame/Untitled 1 - LibreOffice Writer / panel / panel / scroll pane / viewport / menu bar / menu/Table,menu launcher / dialog-like menu item,heuristic-v2
84ff507d9707f74f,2,opens extra menu/dialog/popup,Page Number,menu item,f7a7a6e1ff4f,Insert,Insert,menu,viewport / menu bar / menu/Insert,application/soffice / frame/Untitled 1 - LibreOffice Writer / panel / panel / scroll pane / viewport / menu bar / menu/Insert,menu launcher / dialog-like menu item,heuristic-v2
0781d2ad810bb56b,2,opens extra menu/dialog/popup,Page Style...,menu item,32f76b8b1d9d,Format,Format,menu,viewport / menu bar / menu/Format,application/soffice / frame/Untitled 1 - LibreOffice Writer / panel / panel / scroll pane / viewport / menu bar / menu/Format,menu launcher / dialog-like menu item,heuristic-v2
46fd541da31f5ed0,2,opens extra menu/dialog/popup,Paragraph...,menu item,32f76b8b1d9d,Format,Format,menu,viewport / menu bar / menu/Format,application/soffice / frame/Untitled 1 - LibreOffice Writer / panel / panel / scroll pane / viewport / menu bar / menu/Format,menu launcher / dialog-like menu item,heuristic-v2
03446557be6132ca,2,opens extra menu/dialog/popup,Presentation,menu item,19a31745f3fe,New,New,menu,menu bar / menu/File / menu/New,application/soffice / frame/Untitled 1 - LibreOffice Writer / panel / panel / scroll pane / viewport / menu bar / menu/File / menu/New,menu launcher / dialog-like menu item,heuristic-v2
1117b44e18fc8aad,2,opens extra menu/dialog/popup,Properties...,menu item,53bf0935406d,Table,Table,menu,viewport / menu bar / menu/Table,application/soffice / frame/Untitled 1 - LibreOffice Writer / panel / panel / scroll pane / viewport / menu bar / menu/Table,menu launcher / dialog-like menu item,heuristic-v2
d0d80ca730f12d00,2,opens extra menu/dialog/popup,Restart in Safe Mode...,menu item,bd25ba81ea6e,Help,Help,menu,viewport / menu bar / menu/Help,application/soffice / frame/Untitled 1 - LibreOffice Writer / panel / panel / scroll pane / viewport / menu bar / menu/Help,menu launcher / dialog-like menu item,heuristic-v2
c6c56273e3aaaac4,2,opens extra menu/dialog/popup,Row Height...,menu item,c4ae3dc0f4b7,Size,Size,menu,menu bar / menu/Table / menu/Size,application/soffice / frame/Untitled 1 - LibreOffice Writer / panel / panel / scroll pane / viewport / menu bar / menu/Table / menu/Size,menu launcher / dialog-like menu item,heuristic-v2
d07da488a5874b9a,2,opens extra menu/dialog/popup,Rows...,menu item,22dc431f9220,Insert,Insert,menu,menu bar / menu/Table / menu/Insert,application/soffice / frame/Untitled 1 - LibreOffice Writer / panel / panel / scroll pane / viewport / menu bar / menu/Table / menu/Insert,menu launcher / dialog-like menu item,heuristic-v2
ae080cbe2e67666e,2,opens extra menu/dialog/popup,Save as Template...,menu item,1c6d5d3a1094,Templates,Templates,menu,menu bar / menu/File / menu/Templates,application/soffice / frame/Untitled 1 - LibreOffice Writer / panel / panel / scroll pane / viewport / menu bar / menu/File / menu/Templates,menu launcher / dialog-like menu item,heuristic-v2
8be07ade79287cae,2,opens extra menu/dialog/popup,Section...,menu item,f7a7a6e1ff4f,Insert,Insert,menu,viewport / menu bar / menu/Insert,application/soffice / frame/Untitled 1 - LibreOffice Writer / panel / panel / scroll pane / viewport / menu bar / menu/Insert,menu launcher / dialog-like menu item,heuristic-v2
96e87895a101bbfa,2,opens extra menu/dialog/popup,Sections...,menu item,32f76b8b1d9d,Format,Format,menu,viewport / menu bar / menu/Format,application/soffice / frame/Untitled 1 - LibreOffice Writer / panel / panel / scroll pane / viewport / menu bar / menu/Format,menu launcher / dialog-like menu item,heuristic-v2
bb4d14d575c71774,2,opens extra menu/dialog/popup,Signature Line...,menu item,f7a7a6e1ff4f,Insert,Insert,menu,viewport / menu bar / menu/Insert,application/soffice / frame/Untitled 1 - LibreOffice Writer / panel / panel / scroll pane / viewport / menu bar / menu/Insert,menu launcher / dialog-like menu item,heuristic-v2
a1164a8e105cbe68,2,opens extra menu/dialog/popup,Sort...,menu item,53bf0935406d,Table,Table,menu,viewport / menu bar / menu/Table,application/soffice / frame/Untitled 1 - LibreOffice Writer / panel / panel / scroll pane / viewport / menu bar / menu/Table,menu launcher / dialog-like menu item,heuristic-v2
8fe7dde7161e288b,2,opens extra menu/dialog/popup,Sort...,menu item,e85ad249bd7d,Tools,Tools,menu,viewport / menu bar / menu/Tools,application/soffice / frame/Untitled 1 - LibreOffice Writer / panel / panel / scroll pane / viewport / menu bar / menu/Tools,menu launcher / dialog-like menu item,heuristic-v2
2f625ac54b2a24ef,2,opens extra menu/dialog/popup,Special Character...,menu item,f7a7a6e1ff4f,Insert,Insert,menu,viewport / menu bar / menu/Insert,application/soffice / frame/Untitled 1 - LibreOffice Writer / panel / panel / scroll pane / viewport / menu bar / menu/Insert,menu launcher / dialog-like menu item,heuristic-v2
035e766d10536421,2,opens extra menu/dialog/popup,Spelling...,menu item,e85ad249bd7d,Tools,Tools,menu,viewport / menu bar / menu/Tools,application/soffice / frame/Untitled 1 - LibreOffice Writer / panel / panel / scroll pane / viewport / menu bar / menu/Tools,menu launcher / dialog-like menu item,heuristic-v2
94c731769d5a01fe,2,opens extra menu/dialog/popup,Split Cells...,menu item,53bf0935406d,Table,Table,menu,viewport / menu bar / menu/Table,application/soffice / frame/Untitled 1 - LibreOffice Writer / panel / panel / scroll pane / viewport / menu bar / menu/Table,menu launcher / dialog-like menu item,heuristic-v2
6b0cd648be12e6fc,2,opens extra menu/dialog/popup,Split Table...,menu item,53bf0935406d,Table,Table,menu,viewport / menu bar / menu/Table,application/soffice / frame/Untitled 1 - LibreOffice Writer / panel / panel / scroll pane / viewport / menu bar / menu/Table,menu launcher / dialog-like menu item,heuristic-v2
d2f5608168203b61,2,opens extra menu/dialog/popup,Spreadsheet,menu item,19a31745f3fe,New,New,menu,menu bar / menu/File / menu/New,application/soffice / frame/Untitled 1 - LibreOffice Writer / panel / panel / scroll pane / viewport / menu bar / menu/File / menu/New,menu launcher / dialog-like menu item,heuristic-v2
137d3a18bbd5d56e,2,opens extra menu/dialog/popup,Table,menu item,52e2da86626a,Select,Select,menu,menu bar / menu/Table / menu/Select,application/soffice / frame/Untitled 1 - LibreOffice Writer / panel / panel / scroll pane / viewport / menu bar / menu/Table / menu/Select,menu launcher / dialog-like menu item,heuristic-v2
820903658c0ca7dd,2,opens extra menu/dialog/popup,Table to Text...,menu item,518b99af456c,Convert,Convert,menu,menu bar / menu/Table / menu/Convert,application/soffice / frame/Untitled 1 - LibreOffice Writer / panel / panel / scroll pane / viewport / menu bar / menu/Table / menu/Convert,menu launcher / dialog-like menu item,heuristic-v2
495102023202db9e,2,opens extra menu/dialog/popup,Templates...,menu item,19a31745f3fe,New,New,menu,menu bar / menu/File / menu/New,application/soffice / frame/Untitled 1 - LibreOffice Writer / panel / panel / scroll pane / viewport / menu bar / menu/File / menu/New,menu launcher / dialog-like menu item,heuristic-v2
d5bd92b5df58fbf4,2,opens extra menu/dialog/popup,Text Box,menu item,f7a7a6e1ff4f,Insert,Insert,menu,viewport / menu bar / menu/Insert,application/soffice / frame/Untitled 1 - LibreOffice Writer / panel / panel / scroll pane / viewport / menu bar / menu/Insert,menu launcher / dialog-like menu item,heuristic-v2
7df157746bb1744a,2,opens extra menu/dialog/popup,Text Document,menu item,19a31745f3fe,New,New,menu,menu bar / menu/File / menu/New,application/soffice / frame/Untitled 1 - LibreOffice Writer / panel / panel / scroll pane / viewport / menu bar / menu/File / menu/New,menu launcher / dialog-like menu item,heuristic-v2
a174bf20ecc43b0a,2,opens extra menu/dialog/popup,Text from File...,menu item,f7a7a6e1ff4f,Insert,Insert,menu,viewport / menu bar / menu/Insert,application/soffice / frame/Untitled 1 - LibreOffice Writer / panel / panel / scroll pane / viewport / menu bar / menu/Insert,menu launcher / dialog-like menu item,heuristic-v2
4936dbc86ec3bb90,2,opens extra menu/dialog/popup,Text to Table...,menu item,518b99af456c,Convert,Convert,menu,menu bar / menu/Table / menu/Convert,application/soffice / frame/Untitled 1 - LibreOffice Writer / panel / panel / scroll pane / viewport / menu bar / menu/Table / menu/Convert,menu launcher / dialog-like menu item,heuristic-v2
b8d55332d826ade9,2,opens extra menu/dialog/popup,Thesaurus...,menu item,e85ad249bd7d,Tools,Tools,menu,viewport / menu bar / menu/Tools,application/soffice / frame/Untitled 1 - LibreOffice Writer / panel / panel / scroll pane / viewport / menu bar / menu/Tools,menu launcher / dialog-like menu item,heuristic-v2
8e1dbbcc55d147a2,2,opens extra menu/dialog/popup,Title Page...,menu item,32f76b8b1d9d,Format,Format,menu,viewport / menu bar / menu/Format,application/soffice / frame/Untitled 1 - LibreOffice Writer / panel / panel / scroll pane / viewport / menu bar / menu/Format,menu launcher / dialog-like menu item,heuristic-v2
0803df15d730b792,2,opens extra menu/dialog/popup,User Interface...,menu item,bd6f423fe87f,View,View,menu,viewport / menu bar / menu/View,application/soffice / frame/Untitled 1 - LibreOffice Writer / panel / panel / scroll pane / viewport / menu bar / menu/View,menu launcher / dialog-like menu item,heuristic-v2
73057fbe190453aa,2,opens extra menu/dialog/popup,Watermark...,menu item,32f76b8b1d9d,Format,Format,menu,viewport / menu bar / menu/Format,application/soffice / frame/Untitled 1 - LibreOffice Writer / panel / panel / scroll pane / viewport / menu bar / menu/Format,menu launcher / dialog-like menu item,heuristic-v2
949ad21450b977aa,2,opens extra menu/dialog/popup,Word Count...,menu item,e85ad249bd7d,Tools,Tools,menu,viewport / menu bar / menu/Tools,application/soffice / frame/Untitled 1 - LibreOffice Writer / panel / panel / scroll pane / viewport / menu bar / menu/Tools,menu launcher / dialog-like menu item,heuristic-v2
c845f35ea12b79f1,2,opens extra menu/dialog/popup,XML Form Document,menu item,19a31745f3fe,New,New,menu,menu bar / menu/File / menu/New,application/soffice / frame/Untitled 1 - LibreOffice Writer / panel / panel / scroll pane / viewport / menu bar / menu/File / menu/New,menu launcher / dialog-like menu item,heuristic-v2
59bcaa6f8cb7116e,2,opens extra menu/dialog/popup,Zoom...,menu item,bec5c2ab42e1,Zoom,Zoom,menu,menu bar / menu/View / menu/Zoom,application/soffice / frame/Untitled 1 - LibreOffice Writer / panel / panel / scroll pane / viewport / menu bar / menu/View / menu/Zoom,menu launcher / dialog-like menu item,heuristic-v2
2e127469b8850dd4,2,opens extra menu/dialog/popup,Change Password,push button,8ae0e75d5d09,Properties of “Untitled 1”,Properties of “Untitled 1”,dialog,page tab/General / panel / panel,application/soffice / dialog/Properties of “Untitled 1” / filler / page tab list / page tab/General / panel / panel,"push button name suggests dialog, picker, or secondary surface",heuristic-v2
cc71148a841f4d55,2,opens extra menu/dialog/popup,Character Highlighting Color,push button,36427b830db2,Untitled 1 - LibreOffice Writer,Untitled 1 - LibreOffice Writer,main,root pane/Untitled 1 - LibreOffice Writer / panel / tool bar/Formatting,application/soffice / frame/Untitled 1 - LibreOffice Writer / panel / panel / root pane/Untitled 1 - LibreOffice Writer / panel / tool bar/Formatting,toolbar insertion/export button is more likely to launch chooser/popup,heuristic-v2
ba32ff6c264a4cd3,2,opens extra menu/dialog/popup,Chart,push button,36427b830db2,Untitled 1 - LibreOffice Writer,Untitled 1 - LibreOffice Writer,main,root pane/Untitled 1 - LibreOffice Writer / panel / tool bar/Standard,application/soffice / frame/Untitled 1 - LibreOffice Writer / panel / panel / root pane/Untitled 1 - LibreOffice Writer / panel / tool bar/Standard,"push button name suggests dialog, picker, or secondary surface",heuristic-v2
a0e8ddacb0e894a2,2,opens extra menu/dialog/popup,Clone,push button,36427b830db2,Untitled 1 - LibreOffice Writer,Untitled 1 - LibreOffice Writer,main,root pane/Untitled 1 - LibreOffice Writer / panel / tool bar/Standard,application/soffice / frame/Untitled 1 - LibreOffice Writer / panel / panel / root pane/Untitled 1 - LibreOffice Writer / panel / tool bar/Standard,toolbar insertion/export button is more likely to launch chooser/popup,heuristic-v2
873741bc22e18be9,2,opens extra menu/dialog/popup,Comment,push button,36427b830db2,Untitled 1 - LibreOffice Writer,Untitled 1 - LibreOffice Writer,main,root pane/Untitled 1 - LibreOffice Writer / panel / tool bar/Standard,application/soffice / frame/Untitled 1 - LibreOffice Writer / panel / panel / root pane/Untitled 1 - LibreOffice Writer / panel / tool bar/Standard,"push button name suggests dialog, picker, or secondary surface",heuristic-v2
d342b1cd40a53a3f,2,opens extra menu/dialog/popup,Credits,push button,c43cf836e8b3,About LibreOffice,About LibreOffice,dialog,filler / panel / filler,application/soffice / dialog/About LibreOffice / filler / panel / filler,"push button name suggests dialog, picker, or secondary surface",heuristic-v2
4c25ca064ae70b2b,2,opens extra menu/dialog/popup,Cross-reference,push button,36427b830db2,Untitled 1 - LibreOffice Writer,Untitled 1 - LibreOffice Writer,main,root pane/Untitled 1 - LibreOffice Writer / panel / tool bar/Standard,application/soffice / frame/Untitled 1 - LibreOffice Writer / panel / panel / root pane/Untitled 1 - LibreOffice Writer / panel / tool bar/Standard,"push button name suggests dialog, picker, or secondary surface",heuristic-v2
abfe21e61e6759c0,2,opens extra menu/dialog/popup,Digital Signatures...,push button,8ae0e75d5d09,Properties of “Untitled 1”,Properties of “Untitled 1”,dialog,page tab/General / panel / panel,application/soffice / dialog/Properties of “Untitled 1” / filler / page tab list / page tab/General / panel / panel,"push button name suggests dialog, picker, or secondary surface",heuristic-v2
18988404a6554ace,2,opens extra menu/dialog/popup,Endnote,push button,36427b830db2,Untitled 1 - LibreOffice Writer,Untitled 1 - LibreOffice Writer,main,root pane/Untitled 1 - LibreOffice Writer / panel / tool bar/Standard,application/soffice / frame/Untitled 1 - LibreOffice Writer / panel / panel / root pane/Untitled 1 - LibreOffice Writer / panel / tool bar/Standard,"push button name suggests dialog, picker, or secondary surface",heuristic-v2
2ca61a728a1af8c1,2,opens extra menu/dialog/popup,Export Directly as PDF,push button,36427b830db2,Untitled 1 - LibreOffice Writer,Untitled 1 - LibreOffice Writer,main,root pane/Untitled 1 - LibreOffice Writer / panel / tool bar/Standard,application/soffice / frame/Untitled 1 - LibreOffice Writer / panel / panel / root pane/Untitled 1 - LibreOffice Writer / panel / tool bar/Standard,"push button name suggests dialog, picker, or secondary surface",heuristic-v2
593074c8035800ee,2,opens extra menu/dialog/popup,Field,push button,36427b830db2,Untitled 1 - LibreOffice Writer,Untitled 1 - LibreOffice Writer,main,root pane/Untitled 1 - LibreOffice Writer / panel / tool bar/Standard,application/soffice / frame/Untitled 1 - LibreOffice Writer / panel / panel / root pane/Untitled 1 - LibreOffice Writer / panel / tool bar/Standard,"push button name suggests dialog, picker, or secondary surface",heuristic-v2
604a561290a440d7,2,opens extra menu/dialog/popup,Font Color,push button,36427b830db2,Untitled 1 - LibreOffice Writer,Untitled 1 - LibreOffice Writer,main,root pane/Untitled 1 - LibreOffice Writer / panel / tool bar/Formatting,application/soffice / frame/Untitled 1 - LibreOffice Writer / panel / panel / root pane/Untitled 1 - LibreOffice Writer / panel / tool bar/Formatting,toolbar insertion/export button is more likely to launch chooser/popup,heuristic-v2
32482980bb19181d,2,opens extra menu/dialog/popup,Footnote,push button,36427b830db2,Untitled 1 - LibreOffice Writer,Untitled 1 - LibreOffice Writer,main,root pane/Untitled 1 - LibreOffice Writer / panel / tool bar/Standard,application/soffice / frame/Untitled 1 - LibreOffice Writer / panel / panel / root pane/Untitled 1 - LibreOffice Writer / panel / tool bar/Standard,"push button name suggests dialog, picker, or secondary surface",heuristic-v2
5398a209dce824da,2,opens extra menu/dialog/popup,Image,push button,36427b830db2,Untitled 1 - LibreOffice Writer,Untitled 1 - LibreOffice Writer,main,root pane/Untitled 1 - LibreOffice Writer / panel / tool bar/Standard,application/soffice / frame/Untitled 1 - LibreOffice Writer / panel / panel / root pane/Untitled 1 - LibreOffice Writer / panel / tool bar/Standard,"push button name suggests dialog, picker, or secondary surface",heuristic-v2
9b9a000f0cc5040d,2,opens extra menu/dialog/popup,New,push button,36427b830db2,Untitled 1 - LibreOffice Writer,Untitled 1 - LibreOffice Writer,main,root pane/Untitled 1 - LibreOffice Writer / panel / tool bar/Standard,application/soffice / frame/Untitled 1 - LibreOffice Writer / panel / panel / root pane/Untitled 1 - LibreOffice Writer / panel / tool bar/Standard,"push button name suggests dialog, picker, or secondary surface",heuristic-v2
4a56eb087240c593,2,opens extra menu/dialog/popup,New,push button,36427b830db2,Untitled 1 - LibreOffice Writer,Untitled 1 - LibreOffice Writer,main,root pane/Untitled 1 - LibreOffice Writer / panel / tool bar/Formatting,application/soffice / frame/Untitled 1 - LibreOffice Writer / panel / panel / root pane/Untitled 1 - LibreOffice Writer / panel / tool bar/Formatting,"push button name suggests dialog, picker, or secondary surface",heuristic-v2
73e5697b26bfdbec,2,opens extra menu/dialog/popup,Page Break,push button,36427b830db2,Untitled 1 - LibreOffice Writer,Untitled 1 - LibreOffice Writer,main,root pane/Untitled 1 - LibreOffice Writer / panel / tool bar/Standard,application/soffice / frame/Untitled 1 - LibreOffice Writer / panel / panel / root pane/Untitled 1 - LibreOffice Writer / panel / tool bar/Standard,toolbar insertion/export button is more likely to launch chooser/popup,heuristic-v2
d48571a29422b02e,2,opens extra menu/dialog/popup,Release Notes,push button,36427b830db2,Untitled 1 - LibreOffice Writer,Untitled 1 - LibreOffice Writer,main,filler / filler / filler,application/soffice / frame/Untitled 1 - LibreOffice Writer / panel / panel / root pane/Untitled 1 - LibreOffice Writer / panel / panel / panel / filler / panel / panel / filler / scroll pane / viewport / panel / filler / filler / filler,"push button name suggests dialog, picker, or secondary surface",heuristic-v2
0248723922ed6e75,2,opens extra menu/dialog/popup,Release Notes,push button,c43cf836e8b3,About LibreOffice,About LibreOffice,dialog,filler / panel / filler,application/soffice / dialog/About LibreOffice / filler / panel / filler,"push button name suggests dialog, picker, or secondary surface",heuristic-v2
840cc918ba7d67e7,2,opens extra menu/dialog/popup,Spelling,push button,36427b830db2,Untitled 1 - LibreOffice Writer,Untitled 1 - LibreOffice Writer,main,root pane/Untitled 1 - LibreOffice Writer / panel / tool bar/Standard,application/soffice / frame/Untitled 1 - LibreOffice Writer / panel / panel / root pane/Untitled 1 - LibreOffice Writer / panel / tool bar/Standard,toolbar insertion/export button is more likely to launch chooser/popup,heuristic-v2
e04b538b97c3ed53,2,opens extra menu/dialog/popup,Symbol,push button,36427b830db2,Untitled 1 - LibreOffice Writer,Untitled 1 - LibreOffice Writer,main,root pane/Untitled 1 - LibreOffice Writer / panel / tool bar/Standard,application/soffice / frame/Untitled 1 - LibreOffice Writer / panel / panel / root pane/Untitled 1 - LibreOffice Writer / panel / tool bar/Standard,"push button name suggests dialog, picker, or secondary surface",heuristic-v2
e42a806420f3e1b7,2,opens extra menu/dialog/popup,Table,push button,36427b830db2,Untitled 1 - LibreOffice Writer,Untitled 1 - LibreOffice Writer,main,root pane/Untitled 1 - LibreOffice Writer / panel / tool bar/Standard,application/soffice / frame/Untitled 1 - LibreOffice Writer / panel / panel / root pane/Untitled 1 - LibreOffice Writer / panel / tool bar/Standard,"push button name suggests dialog, picker, or secondary surface",heuristic-v2
d7fbf65f004a5243,2,opens extra menu/dialog/popup,Text Box,push button,36427b830db2,Untitled 1 - LibreOffice Writer,Untitled 1 - LibreOffice Writer,main,root pane/Untitled 1 - LibreOffice Writer / panel / tool bar/Standard,application/soffice / frame/Untitled 1 - LibreOffice Writer / panel / panel / root pane/Untitled 1 - LibreOffice Writer / panel / tool bar/Standard,"push button name suggests dialog, picker, or secondary surface",heuristic-v2
51ced5784ca04890,2,opens extra menu/dialog/popup,Unordered List,push button,36427b830db2,Untitled 1 - LibreOffice Writer,Untitled 1 - LibreOffice Writer,main,root pane/Untitled 1 - LibreOffice Writer / panel / tool bar/Formatting,application/soffice / frame/Untitled 1 - LibreOffice Writer / panel / panel / root pane/Untitled 1 - LibreOffice Writer / panel / tool bar/Formatting,toolbar insertion/export button is more likely to launch chooser/popup,heuristic-v2
0ca35212570eae44,2,opens extra menu/dialog/popup,Website,push button,c43cf836e8b3,About LibreOffice,About LibreOffice,dialog,filler / panel / filler,application/soffice / dialog/About LibreOffice / filler / panel / filler,"push button name suggests dialog, picker, or secondary surface",heuristic-v2
81cec4f3048db87c,1,visible UI change in place,Copy,push button,c43cf836e8b3,About LibreOffice,About LibreOffice,dialog,filler / panel / filler,application/soffice / dialog/About LibreOffice / filler / panel / filler,dialog-local button likely changes visible UI in place,heuristic-v2
cce19754c5c4e431,1,visible UI change in place,Reset,push button,8ae0e75d5d09,Properties of “Untitled 1”,Properties of “Untitled 1”,dialog,filler / filler / filler,application/soffice / dialog/Properties of “Untitled 1” / filler / filler / filler,dialog-local button likely changes visible UI in place,heuristic-v2
ed25492e26fa3fd9,1,visible UI change in place,Reset,push button,e58c8569541a,Options - LibreOffice - User Data,Options - LibreOffice - User Data,dialog,filler / filler / filler,application/soffice / dialog/Options - LibreOffice - User Data / filler / filler / filler,dialog-local button likely changes visible UI in place,heuristic-v2
07c3799ecfd87a65,1,visible UI change in place,Reset Properties,push button,8ae0e75d5d09,Properties of “Untitled 1”,Properties of “Untitled 1”,dialog,page tab/General / panel / panel,application/soffice / dialog/Properties of “Untitled 1” / filler / page tab list / page tab/General / panel / panel,dialog-local button likely changes visible UI in place,heuristic-v2
8439922aa0dab81c,1,visible UI change in place,Underline,push button,36427b830db2,Untitled 1 - LibreOffice Writer,Untitled 1 - LibreOffice Writer,main,root pane/Untitled 1 - LibreOffice Writer / panel / tool bar/Formatting,application/soffice / frame/Untitled 1 - LibreOffice Writer / panel / panel / root pane/Untitled 1 - LibreOffice Writer / panel / tool bar/Formatting,toolbar formatting button likely changes visible UI state,heuristic-v2
7c845f4f60c21cc0,1,visible UI change in place,Bold,toggle button,36427b830db2,Untitled 1 - LibreOffice Writer,Untitled 1 - LibreOffice Writer,main,root pane/Untitled 1 - LibreOffice Writer / panel / tool bar/Formatting,application/soffice / frame/Untitled 1 - LibreOffice Writer / panel / panel / root pane/Untitled 1 - LibreOffice Writer / panel / tool bar/Formatting,toggle button likely changes visible inline UI state,heuristic-v2
b348558447d37705,1,visible UI change in place,Center,toggle button,36427b830db2,Untitled 1 - LibreOffice Writer,Untitled 1 - LibreOffice Writer,main,root pane/Untitled 1 - LibreOffice Writer / panel / tool bar/Formatting,application/soffice / frame/Untitled 1 - LibreOffice Writer / panel / panel / root pane/Untitled 1 - LibreOffice Writer / panel / tool bar/Formatting,toggle button likely changes visible inline UI state,heuristic-v2
bc2a95014408bc56,1,visible UI change in place,Formatting Marks,toggle button,36427b830db2,Untitled 1 - LibreOffice Writer,Untitled 1 - LibreOffice Writer,main,root pane/Untitled 1 - LibreOffice Writer / panel / tool bar/Standard,application/soffice / frame/Untitled 1 - LibreOffice Writer / panel / panel / root pane/Untitled 1 - LibreOffice Writer / panel / tool bar/Standard,toggle button likely changes visible inline UI state,heuristic-v2
070b4298960c7e57,1,visible UI change in place,Italic,toggle button,36427b830db2,Untitled 1 - LibreOffice Writer,Untitled 1 - LibreOffice Writer,main,root pane/Untitled 1 - LibreOffice Writer / panel / tool bar/Formatting,application/soffice / frame/Untitled 1 - LibreOffice Writer / panel / panel / root pane/Untitled 1 - LibreOffice Writer / panel / tool bar/Formatting,toggle button likely changes visible inline UI state,heuristic-v2
abd8fb0ce2943745,1,visible UI change in place,Justified,toggle button,36427b830db2,Untitled 1 - LibreOffice Writer,Untitled 1 - LibreOffice Writer,main,root pane/Untitled 1 - LibreOffice Writer / panel / tool bar/Formatting,application/soffice / frame/Untitled 1 - LibreOffice Writer / panel / panel / root pane/Untitled 1 - LibreOffice Writer / panel / tool bar/Formatting,toggle button likely changes visible inline UI state,heuristic-v2
e34275bb4e92a8a8,1,visible UI change in place,Left,toggle button,36427b830db2,Untitled 1 - LibreOffice Writer,Untitled 1 - LibreOffice Writer,main,root pane/Untitled 1 - LibreOffice Writer / panel / tool bar/Formatting,application/soffice / frame/Untitled 1 - LibreOffice Writer / panel / panel / root pane/Untitled 1 - LibreOffice Writer / panel / tool bar/Formatting,toggle button likely changes visible inline UI state,heuristic-v2
5efd2b6e31938559,1,visible UI change in place,Right,toggle button,36427b830db2,Untitled 1 - LibreOffice Writer,Untitled 1 - LibreOffice Writer,main,root pane/Untitled 1 - LibreOffice Writer / panel / tool bar/Formatting,application/soffice / frame/Untitled 1 - LibreOffice Writer / panel / panel / root pane/Untitled 1 - LibreOffice Writer / panel / tool bar/Formatting,toggle button likely changes visible inline UI state,heuristic-v2
8f25a177f8919c8c,1,visible UI change in place,Strikethrough,toggle button,36427b830db2,Untitled 1 - LibreOffice Writer,Untitled 1 - LibreOffice Writer,main,root pane/Untitled 1 - LibreOffice Writer / panel / tool bar/Formatting,application/soffice / frame/Untitled 1 - LibreOffice Writer / panel / panel / root pane/Untitled 1 - LibreOffice Writer / panel / tool bar/Formatting,toggle button likely changes visible inline UI state,heuristic-v2
7f83459655403912,1,visible UI change in place,Subscript,toggle button,36427b830db2,Untitled 1 - LibreOffice Writer,Untitled 1 - LibreOffice Writer,main,root pane/Untitled 1 - LibreOffice Writer / panel / tool bar/Formatting,application/soffice / frame/Untitled 1 - LibreOffice Writer / panel / panel / root pane/Untitled 1 - LibreOffice Writer / panel / tool bar/Formatting,toggle button likely changes visible inline UI state,heuristic-v2
427c014248ac7406,1,visible UI change in place,Superscript,toggle button,36427b830db2,Untitled 1 - LibreOffice Writer,Untitled 1 - LibreOffice Writer,main,root pane/Untitled 1 - LibreOffice Writer / panel / tool bar/Formatting,application/soffice / frame/Untitled 1 - LibreOffice Writer / panel / panel / root pane/Untitled 1 - LibreOffice Writer / panel / tool bar/Formatting,toggle button likely changes visible inline UI state,heuristic-v2
28e13785e5defee0,0,direct/internal state only,100%,menu item,bec5c2ab42e1,Zoom,Zoom,menu,menu bar / menu/View / menu/Zoom,application/soffice / frame/Untitled 1 - LibreOffice Writer / panel / panel / scroll pane / viewport / menu bar / menu/View / menu/Zoom,menu item usually applies action and closes menu,heuristic-v2
16e29f5e52f0c2ef,0,direct/internal state only,150%,menu item,bec5c2ab42e1,Zoom,Zoom,menu,menu bar / menu/View / menu/Zoom,application/soffice / frame/Untitled 1 - LibreOffice Writer / panel / panel / scroll pane / viewport / menu bar / menu/View / menu/Zoom,menu item usually applies action and closes menu,heuristic-v2
222cc76b8e2d4301,0,direct/internal state only,200%,menu item,bec5c2ab42e1,Zoom,Zoom,menu,menu bar / menu/View / menu/Zoom,application/soffice / frame/Untitled 1 - LibreOffice Writer / panel / panel / scroll pane / viewport / menu bar / menu/View / menu/Zoom,menu item usually applies action and closes menu,heuristic-v2
7952feb9c931d920,0,direct/internal state only,50%,menu item,bec5c2ab42e1,Zoom,Zoom,menu,menu bar / menu/View / menu/Zoom,application/soffice / frame/Untitled 1 - LibreOffice Writer / panel / panel / scroll pane / viewport / menu bar / menu/View / menu/Zoom,menu item usually applies action and closes menu,heuristic-v2
353c8472caa7c543,0,direct/internal state only,75%,menu item,bec5c2ab42e1,Zoom,Zoom,menu,menu bar / menu/View / menu/Zoom,application/soffice / frame/Untitled 1 - LibreOffice Writer / panel / panel / scroll pane / viewport / menu bar / menu/View / menu/Zoom,menu item usually applies action and closes menu,heuristic-v2
6edfa7623d7ffecf,0,direct/internal state only,Add to List,menu item,07e46a8883b5,Lists,Lists,menu,menu bar / menu/Format / menu/Lists,application/soffice / frame/Untitled 1 - LibreOffice Writer / panel / panel / scroll pane / viewport / menu bar / menu/Format / menu/Lists,menu item usually applies action and closes menu,heuristic-v2
8d48fd92ab27e229,0,direct/internal state only,Apply,menu item,ffa20bd7476a,AutoCorrect,AutoCorrect,menu,menu bar / menu/Tools / menu/AutoCorrect,application/soffice / frame/Untitled 1 - LibreOffice Writer / panel / panel / scroll pane / viewport / menu bar / menu/Tools / menu/AutoCorrect,menu item usually applies action and closes menu,heuristic-v2
611e70919bbeaf18,0,direct/internal state only,Apply and Edit Changes,menu item,ffa20bd7476a,AutoCorrect,AutoCorrect,menu,menu bar / menu/Tools / menu/AutoCorrect,application/soffice / frame/Untitled 1 - LibreOffice Writer / panel / panel / scroll pane / viewport / menu bar / menu/Tools / menu/AutoCorrect,menu item usually applies action and closes menu,heuristic-v2
661a55f12820bcad,0,direct/internal state only,Auto-Redact,menu item,e85ad249bd7d,Tools,Tools,menu,viewport / menu bar / menu/Tools,application/soffice / frame/Untitled 1 - LibreOffice Writer / panel / panel / scroll pane / viewport / menu bar / menu/Tools,menu item usually applies action and closes menu,heuristic-v2
06768fee7827ffa1,0,direct/internal state only,Bibliography Database,menu item,e85ad249bd7d,Tools,Tools,menu,viewport / menu bar / menu/Tools,application/soffice / frame/Untitled 1 - LibreOffice Writer / panel / panel / scroll pane / viewport / menu bar / menu/Tools,menu item usually applies action and closes menu,heuristic-v2
cfadd759a659922a,0,direct/internal state only,Business Cards,menu item,19a31745f3fe,New,New,menu,menu bar / menu/File / menu/New,application/soffice / frame/Untitled 1 - LibreOffice Writer / panel / panel / scroll pane / viewport / menu bar / menu/File / menu/New,menu item usually applies action and closes menu,heuristic-v2
613aeba480a9481a,0,direct/internal state only,Calculate,menu item,e85ad249bd7d,Tools,Tools,menu,viewport / menu bar / menu/Tools,application/soffice / frame/Untitled 1 - LibreOffice Writer / panel / panel / scroll pane / viewport / menu bar / menu/Tools,menu item usually applies action and closes menu,heuristic-v2
589030ceb8b680bf,0,direct/internal state only,Capitalize Every Word,menu item,a3fd82503da5,Text,Text,menu,menu bar / menu/Format / menu/Text,application/soffice / frame/Untitled 1 - LibreOffice Writer / panel / panel / scroll pane / viewport / menu bar / menu/Format / menu/Text,menu item usually applies action and closes menu,heuristic-v2
b433ed9148aa1f1a,0,direct/internal state only,Cell,menu item,52e2da86626a,Select,Select,menu,menu bar / menu/Table / menu/Select,application/soffice / frame/Untitled 1 - LibreOffice Writer / panel / panel / scroll pane / viewport / menu bar / menu/Table / menu/Select,menu item usually applies action and closes menu,heuristic-v2
2cc8969b3eff60b6,0,direct/internal state only,Clear Direct Formatting,menu item,32f76b8b1d9d,Format,Format,menu,viewport / menu bar / menu/Format,application/soffice / frame/Untitled 1 - LibreOffice Writer / panel / panel / scroll pane / viewport / menu bar / menu/Format,menu item usually applies action and closes menu,heuristic-v2
a83b88926c920efe,0,direct/internal state only,Close Window,menu item,c8b0042c9b42,Window,Window,menu,viewport / menu bar / menu/Window,application/soffice / frame/Untitled 1 - LibreOffice Writer / panel / panel / scroll pane / viewport / menu bar / menu/Window,menu item usually applies action and closes menu,heuristic-v2
9ee9bcfa87090ffc,0,direct/internal state only,Column,menu item,52e2da86626a,Select,Select,menu,menu bar / menu/Table / menu/Select,application/soffice / frame/Untitled 1 - LibreOffice Writer / panel / panel / scroll pane / viewport / menu bar / menu/Table / menu/Select,menu item usually applies action and closes menu,heuristic-v2
0268872c3590aab8,0,direct/internal state only,Columns After,menu item,22dc431f9220,Insert,Insert,menu,menu bar / menu/Table / menu/Insert,application/soffice / frame/Untitled 1 - LibreOffice Writer / panel / panel / scroll pane / viewport / menu bar / menu/Table / menu/Insert,menu item usually applies action and closes menu,heuristic-v2
68916f4e3b314fd1,0,direct/internal state only,Columns Before,menu item,22dc431f9220,Insert,Insert,menu,menu bar / menu/Table / menu/Insert,application/soffice / frame/Untitled 1 - LibreOffice Writer / panel / panel / scroll pane / viewport / menu bar / menu/Table / menu/Insert,menu item usually applies action and closes menu,heuristic-v2
a42e411de059f513,0,direct/internal state only,Comments,menu item,bd6f423fe87f,View,View,menu,viewport / menu bar / menu/View,application/soffice / frame/Untitled 1 - LibreOffice Writer / panel / panel / scroll pane / viewport / menu bar / menu/View,menu item usually applies action and closes menu,heuristic-v2
68c07b765f02d752,0,direct/internal state only,Cycle Case,menu item,a3fd82503da5,Text,Text,menu,menu bar / menu/Format / menu/Text,application/soffice / frame/Untitled 1 - LibreOffice Writer / panel / panel / scroll pane / viewport / menu bar / menu/Format / menu/Text,menu item usually applies action and closes menu,heuristic-v2
05951645921ab904,0,direct/internal state only,Decrease Indent,menu item,d967cc28908e,Spacing,Spacing,menu,menu bar / menu/Format / menu/Spacing,application/soffice / frame/Untitled 1 - LibreOffice Writer / panel / panel / scroll pane / viewport / menu bar / menu/Format / menu/Spacing,menu item usually applies action and closes menu,heuristic-v2
e0d46eac9abd233b,0,direct/internal state only,Decrease Paragraph Spacing,menu item,d967cc28908e,Spacing,Spacing,menu,menu bar / menu/Format / menu/Spacing,application/soffice / frame/Untitled 1 - LibreOffice Writer / panel / panel / scroll pane / viewport / menu bar / menu/Format / menu/Spacing,menu item usually applies action and closes menu,heuristic-v2
2adbc772c89239be,0,direct/internal state only,Decrease Size,menu item,a3fd82503da5,Text,Text,menu,menu bar / menu/Format / menu/Text,application/soffice / frame/Untitled 1 - LibreOffice Writer / panel / panel / scroll pane / viewport / menu bar / menu/Format / menu/Text,menu item usually applies action and closes menu,heuristic-v2
319abf45e056d7fa,0,direct/internal state only,Demote One Level,menu item,07e46a8883b5,Lists,Lists,menu,menu bar / menu/Format / menu/Lists,application/soffice / frame/Untitled 1 - LibreOffice Writer / panel / panel / scroll pane / viewport / menu bar / menu/Format / menu/Lists,menu item usually applies action and closes menu,heuristic-v2
9da56e21c7b87ec0,0,direct/internal state only,Demote One Level With Subpoints,menu item,07e46a8883b5,Lists,Lists,menu,menu bar / menu/Format / menu/Lists,application/soffice / frame/Untitled 1 - LibreOffice Writer / panel / panel / scroll pane / viewport / menu bar / menu/Format / menu/Lists,menu item usually applies action and closes menu,heuristic-v2
b6f9e0d063bce4f4,0,direct/internal state only,Distribute Columns Evenly,menu item,c4ae3dc0f4b7,Size,Size,menu,menu bar / menu/Table / menu/Size,application/soffice / frame/Untitled 1 - LibreOffice Writer / panel / panel / scroll pane / viewport / menu bar / menu/Table / menu/Size,menu item usually applies action and closes menu,heuristic-v2
efa3b655dd78265b,0,direct/internal state only,Distribute Rows Evenly,menu item,c4ae3dc0f4b7,Size,Size,menu,menu bar / menu/Table / menu/Size,application/soffice / frame/Untitled 1 - LibreOffice Writer / panel / panel / scroll pane / viewport / menu bar / menu/Table / menu/Size,menu item usually applies action and closes menu,heuristic-v2
15c7cea540931c01,0,direct/internal state only,Donate to LibreOffice,menu item,bd25ba81ea6e,Help,Help,menu,viewport / menu bar / menu/Help,application/soffice / frame/Untitled 1 - LibreOffice Writer / panel / panel / scroll pane / viewport / menu bar / menu/Help,menu item usually applies action and closes menu,heuristic-v2
5138be6f43f366ed,0,direct/internal state only,Edit Formula,menu item,53bf0935406d,Table,Table,menu,viewport / menu bar / menu/Table,application/soffice / frame/Untitled 1 - LibreOffice Writer / panel / panel / scroll pane / viewport / menu bar / menu/Table,menu item usually applies action and closes menu,heuristic-v2
60e9fb0db01f3409,0,direct/internal state only,Edit Mode,menu item,2e0335a47afa,Edit,Edit,menu,viewport / menu bar / menu/Edit,application/soffice / frame/Untitled 1 - LibreOffice Writer / panel / panel / scroll pane / viewport / menu bar / menu/Edit,menu item usually applies action and closes menu,heuristic-v2
1960236d382556e1,0,direct/internal state only,English (USA),menu item,014013af658a,For All Text,For All Text,menu,menu/Tools / menu/Language / menu/For All Text,application/soffice / frame/Untitled 1 - LibreOffice Writer / panel / panel / scroll pane / viewport / menu bar / menu/Tools / menu/Language / menu/For All Text,menu item usually applies action and closes menu,heuristic-v2
6d2e0c9a16fc7941,0,direct/internal state only,English (USA),menu item,4f020fe86495,For Paragraph,For Paragraph,menu,menu/Tools / menu/Language / menu/For Paragraph,application/soffice / frame/Untitled 1 - LibreOffice Writer / panel / panel / scroll pane / viewport / menu bar / menu/Tools / menu/Language / menu/For Paragraph,menu item usually applies action and closes menu,heuristic-v2
9772a6be7878de5e,0,direct/internal state only,Entire Page,menu item,bec5c2ab42e1,Zoom,Zoom,menu,menu bar / menu/View / menu/Zoom,application/soffice / frame/Untitled 1 - LibreOffice Writer / panel / panel / scroll pane / viewport / menu bar / menu/View / menu/Zoom,menu item usually applies action and closes menu,heuristic-v2
876b8d4469761208,0,direct/internal state only,Get Help Online,menu item,bd25ba81ea6e,Help,Help,menu,viewport / menu bar / menu/Help,application/soffice / frame/Untitled 1 - LibreOffice Writer / panel / panel / scroll pane / viewport / menu bar / menu/Help,menu item usually applies action and closes menu,heuristic-v2
ef63b89fd498eb9f,0,direct/internal state only,Get Involved,menu item,bd25ba81ea6e,Help,Help,menu,viewport / menu bar / menu/Help,application/soffice / frame/Untitled 1 - LibreOffice Writer / panel / panel / scroll pane / viewport / menu bar / menu/Help,menu item usually applies action and closes menu,heuristic-v2
09536eaae5dd0051,0,direct/internal state only,Header Rows Repeat Across Pages,menu item,53bf0935406d,Table,Table,menu,viewport / menu bar / menu/Table,application/soffice / frame/Untitled 1 - LibreOffice Writer / panel / panel / scroll pane / viewport / menu bar / menu/Table,menu item usually applies action and closes menu,heuristic-v2
6be25391d73132dc,0,direct/internal state only,ImageMap,menu item,e85ad249bd7d,Tools,Tools,menu,viewport / menu bar / menu/Tools,application/soffice / frame/Untitled 1 - LibreOffice Writer / panel / panel / scroll pane / viewport / menu bar / menu/Tools,menu item usually applies action and closes menu,heuristic-v2
0ae4189d13b94d9d,0,direct/internal state only,Increase Indent,menu item,d967cc28908e,Spacing,Spacing,menu,menu bar / menu/Format / menu/Spacing,application/soffice / frame/Untitled 1 - LibreOffice Writer / panel / panel / scroll pane / viewport / menu bar / menu/Format / menu/Spacing,menu item usually applies action and closes menu,heuristic-v2
89db2a30fac95443,0,direct/internal state only,Increase Paragraph Spacing,menu item,d967cc28908e,Spacing,Spacing,menu,menu bar / menu/Format / menu/Spacing,application/soffice / frame/Untitled 1 - LibreOffice Writer / panel / panel / scroll pane / viewport / menu bar / menu/Format / menu/Spacing,menu item usually applies action and closes menu,heuristic-v2
6da526807c6b5903,0,direct/internal state only,Increase Size,menu item,a3fd82503da5,Text,Text,menu,menu bar / menu/Format / menu/Text,application/soffice / frame/Untitled 1 - LibreOffice Writer / panel / panel / scroll pane / viewport / menu bar / menu/Format / menu/Text,menu item usually applies action and closes menu,heuristic-v2
2f370f05d2760770,0,direct/internal state only,Insert Column Break,menu item,cd1d4499cd59,More Breaks,More Breaks,menu,menu bar / menu/Insert / menu/More Breaks,application/soffice / frame/Untitled 1 - LibreOffice Writer / panel / panel / scroll pane / viewport / menu bar / menu/Insert / menu/More Breaks,menu item usually applies action and closes menu,heuristic-v2
942be69c22392f04,0,direct/internal state only,Insert Manual Row Break,menu item,cd1d4499cd59,More Breaks,More Breaks,menu,menu bar / menu/Insert / menu/More Breaks,application/soffice / frame/Untitled 1 - LibreOffice Writer / panel / panel / scroll pane / viewport / menu bar / menu/Insert / menu/More Breaks,menu item usually applies action and closes menu,heuristic-v2
de6da631a3561890,0,direct/internal state only,Insert Unnumbered Entry,menu item,07e46a8883b5,Lists,Lists,menu,menu bar / menu/Format / menu/Lists,application/soffice / frame/Untitled 1 - LibreOffice Writer / panel / panel / scroll pane / viewport / menu bar / menu/Format / menu/Lists,menu item usually applies action and closes menu,heuristic-v2
b1e050ee9392671e,0,direct/internal state only,LibreOffice Help,menu item,bd25ba81ea6e,Help,Help,menu,viewport / menu bar / menu/Help,application/soffice / frame/Untitled 1 - LibreOffice Writer / panel / panel / scroll pane / viewport / menu bar / menu/Help,menu item usually applies action and closes menu,heuristic-v2
17b319a1425504b5,0,direct/internal state only,License Information,menu item,bd25ba81ea6e,Help,Help,menu,viewport / menu bar / menu/Help,application/soffice / frame/Untitled 1 - LibreOffice Writer / panel / panel / scroll pane / viewport / menu bar / menu/Help,menu item usually applies action and closes menu,heuristic-v2
7167a17f7eb26823,0,direct/internal state only,Load Styles from Template,menu item,979ebb535cc1,Styles,Styles,menu,viewport / menu bar / menu/Styles,application/soffice / frame/Untitled 1 - LibreOffice Writer / panel / panel / scroll pane / viewport / menu bar / menu/Styles,menu item usually applies action and closes menu,heuristic-v2
ad43404fbc58933d,0,direct/internal state only,lowercase,menu item,a3fd82503da5,Text,Text,menu,menu bar / menu/Format / menu/Text,application/soffice / frame/Untitled 1 - LibreOffice Writer / panel / panel / scroll pane / viewport / menu bar / menu/Format / menu/Text,menu item usually applies action and closes menu,heuristic-v2
40d42e1b05137651,0,direct/internal state only,Manage Styles,menu item,979ebb535cc1,Styles,Styles,menu,viewport / menu bar / menu/Styles,application/soffice / frame/Untitled 1 - LibreOffice Writer / panel / panel / scroll pane / viewport / menu bar / menu/Styles,menu item usually applies action and closes menu,heuristic-v2
9d9155aae28b5518,0,direct/internal state only,Manage Templates,menu item,1c6d5d3a1094,Templates,Templates,menu,menu bar / menu/File / menu/Templates,application/soffice / frame/Untitled 1 - LibreOffice Writer / panel / panel / scroll pane / viewport / menu bar / menu/File / menu/Templates,menu item usually applies action and closes menu,heuristic-v2
3386b7b48aee9233,0,direct/internal state only,Merge Cells,menu item,53bf0935406d,Table,Table,menu,viewport / menu bar / menu/Table,application/soffice / frame/Untitled 1 - LibreOffice Writer / panel / panel / scroll pane / viewport / menu bar / menu/Table,menu item usually applies action and closes menu,heuristic-v2
5354ed43b725ae36,0,direct/internal state only,Merge Table,menu item,53bf0935406d,Table,Table,menu,viewport / menu bar / menu/Table,application/soffice / frame/Untitled 1 - LibreOffice Writer / panel / panel / scroll pane / viewport / menu bar / menu/Table,menu item usually applies action and closes menu,heuristic-v2
ac7145d3a403e66a,0,direct/internal state only,Minimize Column Width,menu item,c4ae3dc0f4b7,Size,Size,menu,menu bar / menu/Table / menu/Size,application/soffice / frame/Untitled 1 - LibreOffice Writer / panel / panel / scroll pane / viewport / menu bar / menu/Table / menu/Size,menu item usually applies action and closes menu,heuristic-v2
5e8df4e0bc383a7a,0,direct/internal state only,Minimize Row Height,menu item,c4ae3dc0f4b7,Size,Size,menu,menu bar / menu/Table / menu/Size,application/soffice / frame/Untitled 1 - LibreOffice Writer / panel / panel / scroll pane / viewport / menu bar / menu/Table / menu/Size,menu item usually applies action and closes menu,heuristic-v2
55d08c56bf24db4b,0,direct/internal state only,Move Down,menu item,07e46a8883b5,Lists,Lists,menu,menu bar / menu/Format / menu/Lists,application/soffice / frame/Untitled 1 - LibreOffice Writer / panel / panel / scroll pane / viewport / menu bar / menu/Format / menu/Lists,menu item usually applies action and closes menu,heuristic-v2
45c6076483ea7271,0,direct/internal state only,Move Down with Subpoints,menu item,07e46a8883b5,Lists,Lists,menu,menu bar / menu/Format / menu/Lists,application/soffice / frame/Untitled 1 - LibreOffice Writer / panel / panel / scroll pane / viewport / menu bar / menu/Format / menu/Lists,menu item usually applies action and closes menu,heuristic-v2
1fc01f9e4f1d20e2,0,direct/internal state only,Move Up,menu item,07e46a8883b5,Lists,Lists,menu,menu bar / menu/Format / menu/Lists,application/soffice / frame/Untitled 1 - LibreOffice Writer / panel / panel / scroll pane / viewport / menu bar / menu/Format / menu/Lists,menu item usually applies action and closes menu,heuristic-v2
131ad8aeb834d8e8,0,direct/internal state only,Move Up with Subpoints,menu item,07e46a8883b5,Lists,Lists,menu,menu bar / menu/Format / menu/Lists,application/soffice / frame/Untitled 1 - LibreOffice Writer / panel / panel / scroll pane / viewport / menu bar / menu/Format / menu/Lists,menu item usually applies action and closes menu,heuristic-v2
e7ae4fc417e06a50,0,direct/internal state only,New Style from Selection,menu item,979ebb535cc1,Styles,Styles,menu,viewport / menu bar / menu/Styles,application/soffice / frame/Untitled 1 - LibreOffice Writer / panel / panel / scroll pane / viewport / menu bar / menu/Styles,menu item usually applies action and closes menu,heuristic-v2
eee337270195409d,0,direct/internal state only,New Window,menu item,c8b0042c9b42,Window,Window,menu,viewport / menu bar / menu/Window,application/soffice / frame/Untitled 1 - LibreOffice Writer / panel / panel / scroll pane / viewport / menu bar / menu/Window,menu item usually applies action and closes menu,heuristic-v2
239c8247d4684bed,0,direct/internal state only,No Documents,menu item,3e4dc1cffc8d,Recent Documents,Recent Documents,menu,menu bar / menu/File / menu/Recent Documents,application/soffice / frame/Untitled 1 - LibreOffice Writer / panel / panel / scroll pane / viewport / menu bar / menu/File / menu/Recent Documents,menu item usually applies action and closes menu,heuristic-v2
e420c2aabb26e998,0,direct/internal state only,None (Do not check spelling),menu item,014013af658a,For All Text,For All Text,menu,menu/Tools / menu/Language / menu/For All Text,application/soffice / frame/Untitled 1 - LibreOffice Writer / panel / panel / scroll pane / viewport / menu bar / menu/Tools / menu/Language / menu/For All Text,menu item usually applies action and closes menu,heuristic-v2
6635163d0b73bc0b,0,direct/internal state only,None (Do not check spelling),menu item,4f020fe86495,For Paragraph,For Paragraph,menu,menu/Tools / menu/Language / menu/For Paragraph,application/soffice / frame/Untitled 1 - LibreOffice Writer / panel / panel / scroll pane / viewport / menu bar / menu/Tools / menu/Language / menu/For Paragraph,menu item usually applies action and closes menu,heuristic-v2
4905dfcc3f4690cd,0,direct/internal state only,None (Do not check spelling),menu item,aeca9cf0c90b,For Selection,For Selection,menu,menu/Tools / menu/Language / menu/For Selection,application/soffice / frame/Untitled 1 - LibreOffice Writer / panel / panel / scroll pane / viewport / menu bar / menu/Tools / menu/Language / menu/For Selection,menu item usually applies action and closes menu,heuristic-v2
65e1b10c3be87a81,0,direct/internal state only,Optimal Column Width,menu item,c4ae3dc0f4b7,Size,Size,menu,menu bar / menu/Table / menu/Size,application/soffice / frame/Untitled 1 - LibreOffice Writer / panel / panel / scroll pane / viewport / menu bar / menu/Table / menu/Size,menu item usually applies action and closes menu,heuristic-v2
1a379cfee97cefba,0,direct/internal state only,Optimal Row Height,menu item,c4ae3dc0f4b7,Size,Size,menu,menu bar / menu/Table / menu/Size,application/soffice / frame/Untitled 1 - LibreOffice Writer / panel / panel / scroll pane / viewport / menu bar / menu/Table / menu/Size,menu item usually applies action and closes menu,heuristic-v2
232d183e7683cbdd,0,direct/internal state only,Optimal View,menu item,bec5c2ab42e1,Zoom,Zoom,menu,menu bar / menu/View / menu/Zoom,application/soffice / frame/Untitled 1 - LibreOffice Writer / panel / panel / scroll pane / viewport / menu bar / menu/View / menu/Zoom,menu item usually applies action and closes menu,heuristic-v2
73c265da9b8168ca,0,direct/internal state only,Page Break,menu item,f7a7a6e1ff4f,Insert,Insert,menu,viewport / menu bar / menu/Insert,application/soffice / frame/Untitled 1 - LibreOffice Writer / panel / panel / scroll pane / viewport / menu bar / menu/Insert,menu item usually applies action and closes menu,heuristic-v2
9c4be7c9736dfbfa,0,direct/internal state only,Page Width,menu item,bec5c2ab42e1,Zoom,Zoom,menu,menu bar / menu/View / menu/Zoom,application/soffice / frame/Untitled 1 - LibreOffice Writer / panel / panel / scroll pane / viewport / menu bar / menu/View / menu/Zoom,menu item usually applies action and closes menu,heuristic-v2
a6d91df012a55b89,0,direct/internal state only,Promote One Level,menu item,07e46a8883b5,Lists,Lists,menu,menu bar / menu/Format / menu/Lists,application/soffice / frame/Untitled 1 - LibreOffice Writer / panel / panel / scroll pane / viewport / menu bar / menu/Format / menu/Lists,menu item usually applies action and closes menu,heuristic-v2
915257bbdbb0859a,0,direct/internal state only,Promote One Level With Subpoints,menu item,07e46a8883b5,Lists,Lists,menu,menu bar / menu/Format / menu/Lists,application/soffice / frame/Untitled 1 - LibreOffice Writer / panel / panel / scroll pane / viewport / menu bar / menu/Format / menu/Lists,menu item usually applies action and closes menu,heuristic-v2
2ad947541b61b535,0,direct/internal state only,Protect Cells,menu item,53bf0935406d,Table,Table,menu,viewport / menu bar / menu/Table,application/soffice / frame/Untitled 1 - LibreOffice Writer / panel / panel / scroll pane / viewport / menu bar / menu/Table,menu item usually applies action and closes menu,heuristic-v2
1d4080970dab162e,0,direct/internal state only,Redact,menu item,e85ad249bd7d,Tools,Tools,menu,viewport / menu bar / menu/Tools,application/soffice / frame/Untitled 1 - LibreOffice Writer / panel / panel / scroll pane / viewport / menu bar / menu/Tools,menu item usually applies action and closes menu,heuristic-v2
cfd5c5bfb0fe1c11,0,direct/internal state only,Reset,menu item,38618c1815fd,Toolbars,Toolbars,menu,menu bar / menu/View / menu/Toolbars,application/soffice / frame/Untitled 1 - LibreOffice Writer / panel / panel / scroll pane / viewport / menu bar / menu/View / menu/Toolbars,menu item usually applies action and closes menu,heuristic-v2
5c1c73c9f08ce760,0,direct/internal state only,Reset to Default Language,menu item,014013af658a,For All Text,For All Text,menu,menu/Tools / menu/Language / menu/For All Text,application/soffice / frame/Untitled 1 - LibreOffice Writer / panel / panel / scroll pane / viewport / menu bar / menu/Tools / menu/Language / menu/For All Text,menu item usually applies action and closes menu,heuristic-v2
e587061a1fb692ad,0,direct/internal state only,Reset to Default Language,menu item,4f020fe86495,For Paragraph,For Paragraph,menu,menu/Tools / menu/Language / menu/For Paragraph,application/soffice / frame/Untitled 1 - LibreOffice Writer / panel / panel / scroll pane / viewport / menu bar / menu/Tools / menu/Language / menu/For Paragraph,menu item usually applies action and closes menu,heuristic-v2
9b38ffa2e7a44ad7,0,direct/internal state only,Reset to Default Language,menu item,aeca9cf0c90b,For Selection,For Selection,menu,menu/Tools / menu/Language / menu/For Selection,application/soffice / frame/Untitled 1 - LibreOffice Writer / panel / panel / scroll pane / viewport / menu bar / menu/Tools / menu/Language / menu/For Selection,menu item usually applies action and closes menu,heuristic-v2
14eb098226f50712,0,direct/internal state only,Resolved Comments,menu item,bd6f423fe87f,View,View,menu,viewport / menu bar / menu/View,application/soffice / frame/Untitled 1 - LibreOffice Writer / panel / panel / scroll pane / viewport / menu bar / menu/View,menu item usually applies action and closes menu,heuristic-v2
6e53bca7b7cd72c1,0,direct/internal state only,Restart Numbering,menu item,07e46a8883b5,Lists,Lists,menu,menu bar / menu/Format / menu/Lists,application/soffice / frame/Untitled 1 - LibreOffice Writer / panel / panel / scroll pane / viewport / menu bar / menu/Format / menu/Lists,menu item usually applies action and closes menu,heuristic-v2
c2bbb2c0101bbc6b,0,direct/internal state only,Row,menu item,52e2da86626a,Select,Select,menu,menu bar / menu/Table / menu/Select,application/soffice / frame/Untitled 1 - LibreOffice Writer / panel / panel / scroll pane / viewport / menu bar / menu/Table / menu/Select,menu item usually applies action and closes menu,heuristic-v2
81d1b7d1de6a22d7,0,direct/internal state only,Row to Break Across Pages,menu item,53bf0935406d,Table,Table,menu,viewport / menu bar / menu/Table,application/soffice / frame/Untitled 1 - LibreOffice Writer / panel / panel / scroll pane / viewport / menu bar / menu/Table,menu item usually applies action and closes menu,heuristic-v2
b5ad39331850bcaf,0,direct/internal state only,Rows Above,menu item,22dc431f9220,Insert,Insert,menu,menu bar / menu/Table / menu/Insert,application/soffice / frame/Untitled 1 - LibreOffice Writer / panel / panel / scroll pane / viewport / menu bar / menu/Table / menu/Insert,menu item usually applies action and closes menu,heuristic-v2
3fff400185643d7d,0,direct/internal state only,Rows Below,menu item,22dc431f9220,Insert,Insert,menu,menu bar / menu/Table / menu/Insert,application/soffice / frame/Untitled 1 - LibreOffice Writer / panel / panel / scroll pane / viewport / menu bar / menu/Table / menu/Insert,menu item usually applies action and closes menu,heuristic-v2
f2a4393045d97784,0,direct/internal state only,Search Commands,menu item,bd25ba81ea6e,Help,Help,menu,viewport / menu bar / menu/Help,application/soffice / frame/Untitled 1 - LibreOffice Writer / panel / panel / scroll pane / viewport / menu bar / menu/Help,menu item usually applies action and closes menu,heuristic-v2
3307c6d09d903e1f,0,direct/internal state only,Send Feedback,menu item,bd25ba81ea6e,Help,Help,menu,viewport / menu bar / menu/Help,application/soffice / frame/Untitled 1 - LibreOffice Writer / panel / panel / scroll pane / viewport / menu bar / menu/Help,menu item usually applies action and closes menu,heuristic-v2
22b197ae393fd4cc,0,direct/internal state only,Sentence case,menu item,a3fd82503da5,Text,Text,menu,menu bar / menu/Format / menu/Text,application/soffice / frame/Untitled 1 - LibreOffice Writer / panel / panel / scroll pane / viewport / menu bar / menu/Format / menu/Text,menu item usually applies action and closes menu,heuristic-v2
8fbe6c6146f8df10,0,direct/internal state only,Show Tip of the Day,menu item,bd25ba81ea6e,Help,Help,menu,viewport / menu bar / menu/Help,application/soffice / frame/Untitled 1 - LibreOffice Writer / panel / panel / scroll pane / viewport / menu bar / menu/Help,menu item usually applies action and closes menu,heuristic-v2
b76003c850c57661,0,direct/internal state only,Styles,menu item,bd6f423fe87f,View,View,menu,viewport / menu bar / menu/View,application/soffice / frame/Untitled 1 - LibreOffice Writer / panel / panel / scroll pane / viewport / menu bar / menu/View,menu item usually applies action and closes menu,heuristic-v2
fb88db9be44e5d9c,0,direct/internal state only,To Next Paragraph in Level,menu item,07e46a8883b5,Lists,Lists,menu,menu bar / menu/Format / menu/Lists,application/soffice / frame/Untitled 1 - LibreOffice Writer / panel / panel / scroll pane / viewport / menu bar / menu/Format / menu/Lists,menu item usually applies action and closes menu,heuristic-v2
fdab7a546b67dcd2,0,direct/internal state only,To Previous Paragraph in Level,menu item,07e46a8883b5,Lists,Lists,menu,menu bar / menu/Format / menu/Lists,application/soffice / frame/Untitled 1 - LibreOffice Writer / panel / panel / scroll pane / viewport / menu bar / menu/Format / menu/Lists,menu item usually applies action and closes menu,heuristic-v2
e086f84d136f5046,0,direct/internal state only,tOGGLE cASE,menu item,a3fd82503da5,Text,Text,menu,menu bar / menu/Format / menu/Text,application/soffice / frame/Untitled 1 - LibreOffice Writer / panel / panel / scroll pane / viewport / menu bar / menu/Format / menu/Text,menu item usually applies action and closes menu,heuristic-v2
6940f4da3478eeac,0,direct/internal state only,Unprotect Cells,menu item,53bf0935406d,Table,Table,menu,viewport / menu bar / menu/Table,application/soffice / frame/Untitled 1 - LibreOffice Writer / panel / panel / scroll pane / viewport / menu bar / menu/Table,menu item usually applies action and closes menu,heuristic-v2
343d9c4a8957b47a,0,direct/internal state only,Update Selected Style,menu item,979ebb535cc1,Styles,Styles,menu,viewport / menu bar / menu/Styles,application/soffice / frame/Untitled 1 - LibreOffice Writer / panel / panel / scroll pane / viewport / menu bar / menu/Styles,menu item usually applies action and closes menu,heuristic-v2
140ba0d188921fd6,0,direct/internal state only,UPPERCASE,menu item,a3fd82503da5,Text,Text,menu,menu bar / menu/Format / menu/Text,application/soffice / frame/Untitled 1 - LibreOffice Writer / panel / panel / scroll pane / viewport / menu bar / menu/Format / menu/Text,menu item usually applies action and closes menu,heuristic-v2
1aec0e338f537fd0,0,direct/internal state only,User Guides,menu item,bd25ba81ea6e,Help,Help,menu,viewport / menu bar / menu/Help,application/soffice / frame/Untitled 1 - LibreOffice Writer / panel / panel / scroll pane / viewport / menu bar / menu/Help,menu item usually applies action and closes menu,heuristic-v2
6c84b49ad8dce1ef,0,direct/internal state only,What's This?,menu item,bd25ba81ea6e,Help,Help,menu,viewport / menu bar / menu/Help,application/soffice / frame/Untitled 1 - LibreOffice Writer / panel / panel / scroll pane / viewport / menu bar / menu/Help,menu item usually applies action and closes menu,heuristic-v2
73a2e697d7ee0626,0,direct/internal state only,Clear,push button,36427b830db2,Untitled 1 - LibreOffice Writer,Untitled 1 - LibreOffice Writer,main,root pane/Untitled 1 - LibreOffice Writer / panel / tool bar/Formatting,application/soffice / frame/Untitled 1 - LibreOffice Writer / panel / panel / root pane/Untitled 1 - LibreOffice Writer / panel / tool bar/Formatting,toolbar command likely acts directly without opening another surface,heuristic-v2
2e772bfefe4e8a6f,0,direct/internal state only,Copy,push button,36427b830db2,Untitled 1 - LibreOffice Writer,Untitled 1 - LibreOffice Writer,main,root pane/Untitled 1 - LibreOffice Writer / panel / tool bar/Standard,application/soffice / frame/Untitled 1 - LibreOffice Writer / panel / panel / root pane/Untitled 1 - LibreOffice Writer / panel / tool bar/Standard,toolbar command likely acts directly without opening another surface,heuristic-v2
f78826d617835817,0,direct/internal state only,Cut,push button,36427b830db2,Untitled 1 - LibreOffice Writer,Untitled 1 - LibreOffice Writer,main,root pane/Untitled 1 - LibreOffice Writer / panel / tool bar/Standard,application/soffice / frame/Untitled 1 - LibreOffice Writer / panel / panel / root pane/Untitled 1 - LibreOffice Writer / panel / tool bar/Standard,toolbar command likely acts directly without opening another surface,heuristic-v2
92242585e52a5771,0,direct/internal state only,Paste,push button,36427b830db2,Untitled 1 - LibreOffice Writer,Untitled 1 - LibreOffice Writer,main,root pane/Untitled 1 - LibreOffice Writer / panel / tool bar/Standard,application/soffice / frame/Untitled 1 - LibreOffice Writer / panel / panel / root pane/Untitled 1 - LibreOffice Writer / panel / tool bar/Standard,toolbar command likely acts directly without opening another surface,heuristic-v2
4df97f63ba5ded13,0,direct/internal state only,Print,push button,36427b830db2,Untitled 1 - LibreOffice Writer,Untitled 1 - LibreOffice Writer,main,root pane/Untitled 1 - LibreOffice Writer / panel / tool bar/Standard,application/soffice / frame/Untitled 1 - LibreOffice Writer / panel / panel / root pane/Untitled 1 - LibreOffice Writer / panel / tool bar/Standard,toolbar command likely acts directly without opening another surface,heuristic-v2
301277f609a4e065,0,direct/internal state only,Redo,push button,36427b830db2,Untitled 1 - LibreOffice Writer,Untitled 1 - LibreOffice Writer,main,root pane/Untitled 1 - LibreOffice Writer / panel / tool bar/Standard,application/soffice / frame/Untitled 1 - LibreOffice Writer / panel / panel / root pane/Untitled 1 - LibreOffice Writer / panel / tool bar/Standard,toolbar command likely acts directly without opening another surface,heuristic-v2
5562545d8f3e3722,0,direct/internal state only,Save,push button,36427b830db2,Untitled 1 - LibreOffice Writer,Untitled 1 - LibreOffice Writer,main,root pane/Untitled 1 - LibreOffice Writer / panel / tool bar/Standard,application/soffice / frame/Untitled 1 - LibreOffice Writer / panel / panel / root pane/Untitled 1 - LibreOffice Writer / panel / tool bar/Standard,toolbar command likely acts directly without opening another surface,heuristic-v2
1cc89d4baaa9b5bf,0,direct/internal state only,Undo,push button,36427b830db2,Untitled 1 - LibreOffice Writer,Untitled 1 - LibreOffice Writer,main,root pane/Untitled 1 - LibreOffice Writer / panel / tool bar/Standard,application/soffice / frame/Untitled 1 - LibreOffice Writer / panel / panel / root pane/Untitled 1 - LibreOffice Writer / panel / tool bar/Standard,toolbar command likely acts directly without opening another surface,heuristic-v2
bf244eeb6387b214,0,direct/internal state only,Update,push button,36427b830db2,Untitled 1 - LibreOffice Writer,Untitled 1 - LibreOffice Writer,main,root pane/Untitled 1 - LibreOffice Writer / panel / tool bar/Formatting,application/soffice / frame/Untitled 1 - LibreOffice Writer / panel / panel / root pane/Untitled 1 - LibreOffice Writer / panel / tool bar/Formatting,toolbar command likely acts directly without opening another surface,heuristic-v2
